Hugo_Symbol	Chromosome	Start_Position	End_Position	Reference_Allele	Tumor_Seq_Allele2	Variant_Classification	Variant_Type	Tumor_VAF_median	VAF_STDEV	cell line
TRPC1	chr3	142736396	142736396	A	-	Frame_Shift_Del	DEL	0.6203	0.0397	HCC1937
MCF2L2	chr3	183205962	183205963	-	A	Intron	INS	0.0529	0.0172	HCC1937
RWDD4	chr4	183651082	183651082	C	-	Frame_Shift_Del	DEL	0.3669	0.0189	HCC1937
DNAH5	chr5	13944367	13944388	ACAACAGCACCTTACCGTTAAA	-	Splice_Site	DEL	0.2393	0.0243	HCC1937
NT5C3A	chr7	33036026	33036047	AAAAAAAGTACACGTGACATAC	-	Intron	DEL	0.2727	0.0369	HCC1937
TES	chr7	116249192	116249196	AATCC	-	Frame_Shift_Del	DEL	0.0748	0.0224	HCC1937
EFR3A	chr8	131970526	131970560	AGCGTTGAATTCGAAGCAAATGATTTACAGGGGGG	-	Frame_Shift_Del	DEL	0.0297	0.0163	HCC1937
SLITRK5	chr13	87677361	87677363	CGT	-	In_Frame_Del	DEL	0.1769	0.018	HCC1937
PDXDC1	chr16	15104473	15104475	TCG	-	Intron	DEL	0.2443	0.0155	HCC1937
MLKL	chr16	74674954	74674954	C	-	Splice_Region	DEL	0.1997	0.0458	HCC1937
ARHGAP27	chr17	45429547	45429577	CCTTGCGCCCCGGCTCCGTGCGGGCGCGGTC	-	Intron	DEL	0.439	0.0451	HCC1937
LAMP5	chr20	9518163	9518181	CCATGATCCTGTCTGCGGT	-	Frame_Shift_Del	DEL	0.1584	0.0284	HCC1937
APOL1	chr22	36265392	36265420	TCTGGCATCCTGACCCTCGTCGGCATGGG	-	Frame_Shift_Del	DEL	0.2562	0.0281	HCC1937
GTPBP6	chrX	317097	317097	C	-	Intron	DEL	0.4931	0.0377	HCC1937
TRAPPC2	chrX	13719810	13719810	C	-	Intron	DEL	0.3833	0.0683	HCC1937
AKR7A2P2	chrX	118878773	118878774	CC	-	RNA	DEL	0.9581	0.0173	HCC1937
FAAH	chr1	46408541	46408541	C	A	Missense_Mutation	SNP	0.5977457502	0.03031035433	HCC1937
LRRC7	chr1	69986272	69986272	C	A	Missense_Mutation	SNP	0.9939123377	0.007882414784	HCC1937
KCND3	chr1	111982406	111982406	G	A	Silent	SNP	0.3990195909	0.03862754581	HCC1937
PYGO2	chr1	154959095	154959095	G	A	Missense_Mutation	SNP	0.222664407	0.01704258056	HCC1937
OBSCN	chr1	228271882	228271882	G	T	Intron	SNP	0.4206705137	0.03476653048	HCC1937
HADHB	chr2	26277074	26277074	C	T	Missense_Mutation	SNP	0.3030222039	0.04361885128	HCC1937
ERCC3	chr2	127286793	127286793	T	G	Missense_Mutation	SNP	0.3270357715	0.02854255523	HCC1937
GALNT5	chr2	157299624	157299624	C	T	Missense_Mutation	SNP	0.3773335191	0.01202708279	HCC1937
TTN	chr2	178770479	178770479	G	C	Missense_Mutation	SNP	0.9933872578	0.004464593459	HCC1937
PTH2R	chr2	208443343	208443343	C	T	Splice_Region	SNP	0.3490369599	0.04463386867	HCC1937
GRIP2	chr3	14512828	14512828	G	A	Missense_Mutation	SNP	0.5494969457	0.03577327203	HCC1937
COL7A1	chr3	48593608	48593608	T	G	Missense_Mutation	SNP	0.6490620139	0.02187098005	HCC1937
ALAS1	chr3	52206579	52206579	G	A	Silent	SNP	0.2772520334	0.05917003018	HCC1937
CACNA2D3	chr3	54846438	54846438	A	G	Missense_Mutation	SNP	0.2830838092	0.03765149644	HCC1937
OR5H1	chr3	98133062	98133062	G	A	Missense_Mutation	SNP	0.9943043255	0.005764378504	HCC1937
KPNA1	chr3	122437210	122437210	G	A	Missense_Mutation	SNP	0.2604301075	0.0305861055	HCC1937
DTX3L	chr3	122568716	122568716	G	C	Missense_Mutation	SNP	0.9938665175	0.008635059082	HCC1937
AGTR1	chr3	148739905	148739905	G	A	5'UTR	SNP	0.3936879653	0.0196357993	HCC1937
CPA3	chr3	148865504	148865504	G	T	Nonsense_Mutation	SNP	0.3807132188	0.02283151437	HCC1937
SAMD7	chr3	169921343	169921343	G	A	Splice_Region	SNP	0.2272650852	0.02494465476	HCC1937
SAMD7	chr3	169927101	169927101	A	G	Missense_Mutation	SNP	0.2175070028	0.0349430603	HCC1937
EPHB3	chr3	184573061	184573061	G	A	Silent	SNP	0.4531853806	0.05773912861	HCC1937
TLL1	chr4	166065737	166065737	C	G	Missense_Mutation	SNP	0.5541113147	0.06584935188	HCC1937
LPCAT1	chr5	1501569	1501569	C	T	Missense_Mutation	SNP	0.2280448718	0.04081886544	HCC1937
MYO10	chr5	16668489	16668489	G	A	Intron	SNP	0.2221428571	0.04095545672	HCC1937
C5orf22	chr5	31535090	31535090	T	A	Intron	SNP	0.4739130435	0.05551460665	HCC1937
NPR3	chr5	32780694	32780694	G	C	Intron	SNP	0.2648336901	0.04321357809	HCC1937
IL7R	chr5	35875509	35875509	C	G	Splice_Region	SNP	0.4747804952	0.03609542635	HCC1937
FAT2	chr5	151545658	151545658	G	A	Silent	SNP	0.994904668	0.003970544372	HCC1937
RREB1	chr6	7246866	7246866	C	G	Silent	SNP	0.4581336437	0.05224072563	HCC1937
ADCYAP1R1	chr7	31087687	31087687	C	T	Silent	SNP	0.9885227572	0.006118380377	HCC1937
SAMD9	chr7	93102812	93102812	T	A	Nonsense_Mutation	SNP	0.4654748429	0.03254200503	HCC1937
FLNC	chr7	128837431	128837431	G	A	Missense_Mutation	SNP	0.4389781022	0.04081806068	HCC1937
CLCN1	chr7	143341988	143341988	G	A	Missense_Mutation	SNP	0.3497355069	0.03017492425	HCC1937
FABP5P3	chr7	152446752	152446752	A	T	3'Flank	SNP	0.3390056022	0.05027085287	HCC1937
SYBU	chr8	109575992	109575992	A	T	Silent	SNP	0.2356375011	0.04187675109	HCC1937
ADGRB1	chr8	142520940	142520940	G	A	Intron	SNP	0.3864601577	0.0125410421	HCC1937
RIC1	chr9	5763886	5763886	A	G	Intron	SNP	0.9913121846	0.007901505706	HCC1937
IFNB1	chr9	21077378	21077378	C	A	Missense_Mutation	SNP	0.4908570587	0.06498553447	HCC1937
PTENP1	chr9	33676004	33676004	C	G	RNA	SNP	0.9957264957	0.005214295983	HCC1937
NTRK2	chr9	84867389	84867389	C	G	Missense_Mutation	SNP	0.2473208618	0.03912555192	HCC1937
ELP1	chr9	108896567	108896567	C	G	Missense_Mutation	SNP	0.26043379	0.0384805577	HCC1937
CUBN	chr10	16913844	16913844	G	A	Silent	SNP	0.398606466	0.03130014299	HCC1937
MALRD1	chr10	19389469	19389469	G	A	Missense_Mutation	SNP	0.3443285948	0.01827469583	HCC1937
PNLIPRP1	chr10	116601200	116601200	T	G	Splice_Region	SNP	0.9945652174	0.007138743556	HCC1937
ZRANB1	chr10	124983719	124983719	G	C	Intron	SNP	0.3626647076	0.04932238466	HCC1937
DOCK1	chr10	127451377	127451377	C	T	Missense_Mutation	SNP	0.2765654999	0.04377280707	HCC1937
MKI67	chr10	128110505	128110505	C	A	Silent	SNP	0.2700754717	0.03730261441	HCC1937
MUC2	chr11	1095787	1095787	G	T	3'Flank	SNP	0.9225574713	0.02658555138	HCC1937
MUC5AC	chr11	1184560	1184560	G	A	Missense_Mutation	SNP	0.2102912072	0.03456561415	HCC1937
PSMC3	chr11	47425208	47425208	G	C	Silent	SNP	0.273767371	0.04370046731	HCC1937
PHKG1P3	chr11	50247172	50247172	T	A	Intron	SNP	0.2981174361	0.04908812191	HCC1937
OR4A8	chr11	54683863	54683863	T	C	3'Flank	SNP	0.2116477273	0.04890129706	HCC1937
OR4D8P	chr11	59492451	59492451	C	T	RNA	SNP	0.2890223609	0.02542787795	HCC1937
SF3B2	chr11	66058378	66058378	G	A	Silent	SNP	0.2249914805	0.0177200172	HCC1937
FOLR2	chr11	72221700	72221700	C	A	Missense_Mutation	SNP	0.556411651	0.03464250585	HCC1937
MYO7A	chr11	77211895	77211895	C	G	Missense_Mutation	SNP	0.3609026874	0.02722423321	HCC1937
SYTL2	chr11	85734275	85734275	G	A	Missense_Mutation	SNP	0.5685500368	0.03071241131	HCC1937
PDZD3	chr11	119189003	119189003	A	C	Splice_Site	SNP	0.4286405163	0.0285662552	HCC1937
ARHGEF12	chr11	120480003	120480003	T	A	Silent	SNP	0.2691956028	0.02714727644	HCC1937
SIAE	chr11	124639878	124639878	G	C	Intron	SNP	0.4511324042	0.02070943712	HCC1937
RPUSD4	chr11	126205616	126205616	A	G	Splice_Region	SNP	0.3916211293	0.02246877051	HCC1937
RIMKLB	chr12	8749875	8749875	T	G	Missense_Mutation	SNP	0.2205265257	0.01760034055	HCC1937
ABCC9	chr12	21828945	21828945	G	C	Intron	SNP	0.477971451	0.02193363018	HCC1937
RESF1	chr12	31982948	31982948	G	C	Missense_Mutation	SNP	0.2511904762	0.04709191443	HCC1937
YAF2	chr12	42210491	42210491	A	T	Intron	SNP	0.3486229614	0.05778359792	HCC1937
NCKAP1L	chr12	54517673	54517673	C	A	Intron	SNP	0.2192118227	0.02444463428	HCC1937
SMIM2	chr13	44160635	44160635	G	A	Missense_Mutation	SNP	0.9964788296	0.003313656486	HCC1937
PCDH20	chr13	61412532	61412532	C	T	Missense_Mutation	SNP	0.4966843501	0.01671260001	HCC1937
PIBF1	chr13	72783528	72783528	C	T	Missense_Mutation	SNP	0.7146081618	0.04809268705	HCC1937
MYCBP2	chr13	77185890	77185890	A	G	Silent	SNP	0.2116033019	0.05998150408	HCC1937
OR4N2	chr14	19796507	19796507	C	T	Intron	SNP	0.3158709571	0.01957490023	HCC1937
OR4E1	chr14	21670678	21670678	C	T	Silent	SNP	0.3696188071	0.04964544767	HCC1937
NID2	chr14	52010886	52010886	G	A	Missense_Mutation	SNP	0.2447527985	0.04995385599	HCC1937
KIF26A	chr14	104174215	104174215	G	T	Missense_Mutation	SNP	0.4947877259	0.04342168737	HCC1937
IGHM	chr14	105855558	105855558	C	T	Missense_Mutation	SNP	0.9878137405	0.01308637637	HCC1937
IGHM	chr14	105855808	105855808	A	G	Silent	SNP	1.0	0.003583442272	HCC1937
PLCB2	chr15	40290654	40290654	C	G	Missense_Mutation	SNP	0.3671504137	0.02598092921	HCC1937
STARD9	chr15	42691047	42691047	G	T	Missense_Mutation	SNP	0.4396802326	0.03179239418	HCC1937
TLN2	chr15	62819591	62819591	G	T	Nonsense_Mutation	SNP	0.3789568509	0.04489775418	HCC1937
CLUAP1	chr16	3532827	3532827	G	C	Missense_Mutation	SNP	0.4692064162	0.03442430867	HCC1937
SLC7A6OS	chr16	68310320	68310320	C	T	Intron	SNP	0.2033237432	0.01527261908	HCC1937
TP53	chr17	7673704	7673704	G	A	Nonsense_Mutation	SNP	1.0	0.005489415632	HCC1937
ARHGAP44	chr17	12908978	12908978	G	T	Splice_Region	SNP	0.4299779914	0.0390445277	HCC1937
CAVIN1	chr17	42423058	42423058	G	T	Missense_Mutation	SNP	0.5053396359	0.06152240953	HCC1937
SLC4A1	chr17	44251264	44251264	C	A	Silent	SNP	0.5103377525	0.02345047154	HCC1937
TRIM25	chr17	56904281	56904281	T	A	Nonsense_Mutation	SNP	0.4281393067	0.0439854125	HCC1937
OR4D2	chr17	58169953	58169953	C	G	Missense_Mutation	SNP	0.998630137	0.001721427534	HCC1937
TBCD	chr17	82772551	82772551	C	T	Intron	SNP	0.501918953	0.03645809731	HCC1937
MYO5B	chr18	49902665	49902665	C	T	Missense_Mutation	SNP	0.9928719478	0.004460825236	HCC1937
RANBP3	chr19	5925572	5925572	A	T	Intron	SNP	0.4894736842	0.04450292499	HCC1937
C3	chr19	6713440	6713440	C	G	Missense_Mutation	SNP	0.2038976813	0.05025520531	HCC1937
EIF3G	chr19	10118946	10118946	C	T	Silent	SNP	0.3711114467	0.04005296721	HCC1937
ZNF20	chr19	12136836	12136836	G	C	Intron	SNP	0.3171087147	0.05844634562	HCC1937
PALM3	chr19	14056601	14056601	A	G	Intron	SNP	0.5471893491	0.03203107978	HCC1937
AP1M1	chr19	16203417	16203417	A	T	Intron	SNP	0.3771873323	0.05036345608	HCC1937
ZNF91	chr19	23362182	23362182	T	C	Missense_Mutation	SNP	0.2707911994	0.0312187228	HCC1937
KASH5	chr19	49395310	49395310	C	T	Intron	SNP	0.3455542123	0.04877953468	HCC1937
FAM71E1	chr19	50467793	50467793	G	A	Silent	SNP	0.2158901296	0.02818485607	HCC1937
THBD	chr20	23048443	23048443	G	A	Silent	SNP	0.5067567568	0.01734605181	HCC1937
DNMT3B	chr20	32791537	32791537	T	A	Intron	SNP	0.2611528822	0.04117488392	HCC1937
ARFGEF2	chr20	49018979	49018979	G	A	Nonsense_Mutation	SNP	0.2700267964	0.04145423007	HCC1937
ARFRP1	chr20	63702160	63702160	G	C	Missense_Mutation	SNP	0.3330610144	0.03087500777	HCC1937
TTC3	chr21	37166080	37166080	A	T	Missense_Mutation	SNP	0.4637671149	0.02917251789	HCC1937
KRTAP10-8	chr21	44612576	44612576	C	T	Missense_Mutation	SNP	0.2772529889	0.01710872108	HCC1937
RANBP1	chr22	20119045	20119045	G	C	Missense_Mutation	SNP	0.271037508	0.02267579074	HCC1937
SCARF2	chr22	20429285	20429285	G	A	Missense_Mutation	SNP	0.4073104184	0.02936635912	HCC1937
GGTLC2	chr22	22646800	22646800	G	A	Missense_Mutation	SNP	0.3393772894	0.09692329842	HCC1937
GGT1	chr22	24627452	24627452	C	T	Silent	SNP	0.2073649497	0.04220473841	HCC1937
APOL1	chr22	36265468	36265468	G	T	Missense_Mutation	SNP	0.2154471545	0.03463529836	HCC1937
PLCXD1	chrX	290784	290784	C	T	Splice_Region	SNP	0.5390977444	0.05437831812	HCC1937
GTPBP6	chrX	315221	315221	T	C	Splice_Region	SNP	0.5727880027	0.02822415686	HCC1937
PPP2R3B	chrX	334496	334496	A	G	Silent	SNP	0.5109335242	0.04408460663	HCC1937
PPP2R3B	chrX	338625	338625	G	A	Missense_Mutation	SNP	0.4404262686	0.03087850839	HCC1937
PPP2R3B	chrX	338900	338900	C	T	Splice_Region	SNP	0.4632016632	0.02886732629	HCC1937
PPP2R3B	chrX	340719	340719	G	A	Intron	SNP	0.4575222302	0.02598318344	HCC1937
PPP2R3B	chrX	341798	341798	A	G	Intron	SNP	0.4861350539	0.04365927682	HCC1937
PPP2R3B	chrX	361426	361426	A	G	Silent	SNP	0.4628227408	0.03472741554	HCC1937
PPP2R3B	chrX	361522	361522	G	A	Silent	SNP	0.4782502864	0.01203159816	HCC1937
IL3RA	chrX	1352245	1352245	G	T	Intron	SNP	0.5456221198	0.04945603202	HCC1937
SLC25A6	chrX	1389431	1389431	G	A	Silent	SNP	0.4991947707	0.0338030661	HCC1937
ASMTL	chrX	1412665	1412665	C	T	Intron	SNP	0.4765221878	0.03240866417	HCC1937
ASMTL	chrX	1412755	1412755	C	T	Missense_Mutation	SNP	0.4784788421	0.02195081789	HCC1937
ASMTL	chrX	1418109	1418109	C	G	Silent	SNP	0.5269505399	0.03503571059	HCC1937
ASMTL	chrX	1427899	1427899	G	A	Silent	SNP	0.5150431909	0.02794876556	HCC1937
ASMTL	chrX	1427983	1427983	A	G	Silent	SNP	0.4856050838	0.03073583483	HCC1937
ASMTL	chrX	1439179	1439179	G	A	Intron	SNP	0.4551505893	0.03337311392	HCC1937
P2RY8	chrX	1465949	1465949	T	G	Missense_Mutation	SNP	0.5089794573	0.03954366884	HCC1937
CD99	chrX	2691676	2691676	G	T	Intron	SNP	0.4477987131	0.06522284446	HCC1937
XG	chrX	2770501	2770501	T	C	Intron	SNP	0.5415681639	0.04197528631	HCC1937
GYG2	chrX	2830212	2830212	G	C	Intron	SNP	0.4334041988	0.02810769001	HCC1937
GYG2	chrX	2830251	2830251	C	G	Intron	SNP	0.4318916232	0.05635695369	HCC1937
ARSD	chrX	2914701	2914701	G	C	Intron	SNP	0.4855903062	0.05452496214	HCC1937
ARSD	chrX	2917996	2917996	G	C	Missense_Mutation	SNP	0.4542302966	0.04872781301	HCC1937
PRKX	chrX	3674684	3674684	G	A	Silent	SNP	0.4633664277	0.04712373205	HCC1937
PRKX	chrX	3674806	3674806	C	T	Intron	SNP	0.4490181665	0.04853657025	HCC1937
VCX3A	chrX	6533684	6533684	G	A	3'UTR	SNP	0.3935676393	0.06000074952	HCC1937
TBL1X	chrX	9691728	9691728	G	C	Intron	SNP	0.3969887555	0.06356819224	HCC1937
SHROOM2	chrX	9946907	9946907	G	C	Missense_Mutation	SNP	0.4853762631	0.04772238217	HCC1937
CLDN34	chrX	9967486	9967486	G	T	Silent	SNP	0.5043859649	0.06315555492	HCC1937
CLDN34	chrX	9967804	9967804	C	T	Silent	SNP	0.4900836676	0.02622430224	HCC1937
MID1	chrX	10506552	10506552	G	C	Intron	SNP	0.4227432487	0.04039794601	HCC1937
ARHGAP6	chrX	11182140	11182140	G	C	Intron	SNP	0.4542279412	0.05337724509	HCC1937
AMELX	chrX	11298622	11298622	C	T	Silent	SNP	0.5072506891	0.03286937427	HCC1937
FRMPD4	chrX	12720468	12720468	T	C	Intron	SNP	0.5087719298	0.02229325256	HCC1937
TLR8	chrX	12919685	12919685	C	T	Silent	SNP	0.4928761224	0.0352420432	HCC1937
TLR8	chrX	12920993	12920993	G	C	Silent	SNP	0.4468452185	0.05799080848	HCC1937
TLR8	chrX	12921293	12921293	C	A	Silent	SNP	0.4727429899	0.06001179366	HCC1937
RBBP7	chrX	16869532	16869532	C	T	Intron	SNP	0.5624427481	0.07540756964	HCC1937
SCML2	chrX	18323914	18323914	G	A	Silent	SNP	0.5678241997	0.06084706043	HCC1937
PPEF1	chrX	18761603	18761603	A	G	Intron	SNP	0.6053558844	0.0373275383	HCC1937
SMS	chrX	21967346	21967346	C	T	Intron	SNP	0.6348047538	0.05490168228	HCC1937
PHEX	chrX	22212858	22212858	T	C	Intron	SNP	0.6447260204	0.0403710625	HCC1937
EIF2S3	chrX	24055644	24055644	C	T	Silent	SNP	0.5202940236	0.03873518893	HCC1937
MAGEB18	chrX	26139675	26139675	C	T	Silent	SNP	0.5715189606	0.0519489158	HCC1937
MAGEB6B	chrX	26161415	26161415	A	G	Missense_Mutation	SNP	0.5828877005	0.02772747926	HCC1937
MAGEB10	chrX	27821455	27821455	T	C	Missense_Mutation	SNP	0.5400815217	0.06705919578	HCC1937
MAGEB10	chrX	27821500	27821500	G	A	Missense_Mutation	SNP	0.5481150794	0.0649353534	HCC1937
NR0B1	chrX	30309250	30309250	G	A	Silent	SNP	0.5677205818	0.04848577601	HCC1937
DMD	chrX	32362879	32362879	C	T	Missense_Mutation	SNP	0.5210835059	0.02430678879	HCC1937
DMD	chrX	32485077	32485077	T	C	Missense_Mutation	SNP	0.5889400922	0.07417412985	HCC1937
FAM47A	chrX	34131150	34131150	C	A	Missense_Mutation	SNP	0.5938544898	0.04103906107	HCC1937
MAGEB16	chrX	35802148	35802148	C	T	5'UTR	SNP	0.5295172528	0.07804783375	HCC1937
MAGEB16	chrX	35802308	35802308	C	T	Missense_Mutation	SNP	0.5410818713	0.0582432366	HCC1937
MAGEB16	chrX	35802579	35802579	G	A	Missense_Mutation	SNP	0.5801056338	0.0555793932	HCC1937
MAGEB16	chrX	35802678	35802678	A	G	Missense_Mutation	SNP	0.5786662011	0.02867874168	HCC1937
LANCL3	chrX	37572056	37572056	G	A	Silent	SNP	0.2957667508	0.03870595237	HCC1937
LANCL3	chrX	37659553	37659553	C	T	Silent	SNP	0.3436586634	0.01182802696	HCC1937
MAOA	chrX	43731789	43731789	G	T	Silent	SNP	0.5526389444	0.02166137668	HCC1937
MAOA	chrX	43744144	43744144	T	C	Silent	SNP	0.5453815261	0.05012280546	HCC1937
FUNDC1	chrX	44542049	44542049	T	G	Silent	SNP	0.5215201465	0.05515168565	HCC1937
DUSP21	chrX	44844689	44844689	T	C	Missense_Mutation	SNP	0.5935968006	0.06478423367	HCC1937
DIPK2B	chrX	45191866	45191866	C	T	Missense_Mutation	SNP	0.6045006004	0.03683862835	HCC1937
PLP2	chrX	49174294	49174294	C	T	Intron	SNP	0.6224666808	0.03529889046	HCC1937
MAGED2	chrX	54811644	54811644	C	T	Silent	SNP	0.6197691198	0.02950160149	HCC1937
OPHN1	chrX	68432906	68432906	C	T	Missense_Mutation	SNP	0.98787813	0.009586518366	HCC1937
RAB41	chrX	70282629	70282629	A	G	Intron	SNP	0.99209375	0.003027117382	HCC1937
RTL5	chrX	72129924	72129924	T	C	Silent	SNP	0.9918261563	0.005402676812	HCC1937
NHSL2	chrX	72160031	72160031	G	A	RNA	SNP	1.0	0.004064360624	HCC1937
PIN4	chrX	72186403	72186403	C	G	Intron	SNP	0.9926821983	0.005493367641	HCC1937
ATP7A	chrX	77988448	77988448	G	A	Silent	SNP	0.9942616307	0.003962392312	HCC1937
TAF9B	chrX	78139570	78139570	T	C	Silent	SNP	0.9942528736	0.01452882142	HCC1937
GPR174	chrX	79171491	79171491	T	C	Missense_Mutation	SNP	1.0	0.002634244256	HCC1937
CPXCR1	chrX	88753806	88753806	G	A	Missense_Mutation	SNP	0.9955357143	0.006687797657	HCC1937
RPA4	chrX	96884460	96884460	T	C	Silent	SNP	1.0	0.00577795343	HCC1937
GLRA4	chrX	103724037	103724037	T	G	RNA	SNP	0.9303865546	0.01729628383	HCC1937
PSMD10	chrX	108088664	108088664	A	G	Intron	SNP	0.9954545455	0.01097865313	HCC1937
COL4A6	chrX	108190458	108190458	A	G	Missense_Mutation	SNP	1.0	0.003764424205	HCC1937
GUCY2F	chrX	109465323	109465323	A	G	Missense_Mutation	SNP	0.9966216216	0.004700797761	HCC1937
CHRDL1	chrX	110688628	110688628	T	C	Silent	SNP	0.9919615186	0.006281341869	HCC1937
LONRF3	chrX	118974822	118974822	T	C	Silent	SNP	0.997826087	0.003151478967	HCC1937
LAMP2	chrX	120456678	120456678	T	A	Silent	SNP	0.9896012007	0.01040852378	HCC1937
GRIA3	chrX	123394952	123394952	T	C	Intron	SNP	0.9938613339	0.007011748865	HCC1937
GRIA3	chrX	123403426	123403426	T	C	Silent	SNP	0.9979253112	0.004163487458	HCC1937
XIAP	chrX	123907193	123907193	A	G	3'UTR	SNP	0.9963768116	0.01127932503	HCC1937
TENM1	chrX	124384205	124384205	C	G	Missense_Mutation	SNP	0.4191327712	0.03199261495	HCC1937
TENM1	chrX	124392181	124392181	T	C	Silent	SNP	0.9911583869	0.003759140536	HCC1937
TENM1	chrX	124406465	124406465	G	T	Silent	SNP	1.0	0.01071719811	HCC1937
DCAF12L2	chrX	126164707	126164707	G	A	Silent	SNP	0.9976958525	0.004256167615	HCC1937
DCAF12L2	chrX	126165205	126165205	T	G	Silent	SNP	0.9955728443	0.003985760316	HCC1937
DCAF12L2	chrX	126165484	126165484	G	T	Missense_Mutation	SNP	0.9968617397	0.002166744421	HCC1937
PRR32	chrX	126821445	126821445	G	A	Silent	SNP	0.9909337466	0.005722447095	HCC1937
XPNPEP2	chrX	129746638	129746638	T	C	Silent	SNP	0.9979166667	0.002296330473	HCC1937
XPNPEP2	chrX	129750356	129750356	C	T	Intron	SNP	0.9979166667	0.004448423586	HCC1937
IGSF1	chrX	131276991	131276991	A	G	Silent	SNP	0.985130719	0.009711583061	HCC1937
HPRT1	chrX	134493481	134493481	G	A	Intron	SNP	0.9906468531	0.004934254109	HCC1937
INTS6L	chrX	135579930	135579930	G	A	Silent	SNP	1.0	0.006325936743	HCC1937
MCF2	chrX	139597553	139597553	T	A	Silent	SNP	1.0	0.002388961514	HCC1937
CXorf66	chrX	139956284	139956284	G	A	Missense_Mutation	SNP	0.9935318704	0.004073920409	HCC1937
MAGEC1	chrX	141906089	141906089	G	C	Missense_Mutation	SNP	0.4126454726	0.04032486326	HCC1937
MAGEC1	chrX	141906100	141906100	T	A	Silent	SNP	0.3801763137	0.05191430126	HCC1937
MAGEC1	chrX	141906126	141906126	C	T	Missense_Mutation	SNP	0.7299498747	0.04061576421	HCC1937
SPANXN2	chrX	143712125	143712125	G	A	Silent	SNP	0.9771521828	0.008564847763	HCC1937
MAGEA12	chrX	152740627	152740627	T	C	3'Flank	SNP	0.9892898053	0.002333188442	HCC1937
MAGEA12	chrX	152740688	152740688	A	G	3'Flank	SNP	0.9872200584	0.01309394547	HCC1937
MAGEA6	chrX	152767196	152767196	C	A	Missense_Mutation	SNP	0.9822953388	0.01157095786	HCC1937
ZNF275	chrX	153347654	153347654	C	T	Silent	SNP	1.0	0.007199666077	HCC1937
PNCK	chrX	153672091	153672091	C	T	Intron	SNP	0.9965986395	0.004120118937	HCC1937
CTAG2	chrX	154652556	154652556	C	A	Silent	SNP	0.9910968661	0.01153793912	HCC1937
